42 Renewables LLC,www.42renew.com,Project Developer
93Energy LLC,www.93energy.com,"Engineering, Procurement & Construction (EPC)"
A and R Solar SPC,http://www.a-rsolar.com,Contractor/Installer
A-Rent Test Equipment LLC,https://a-rent.com/,Manufacturer/Supplier
"AC Power, LLC",http://www.acpowerllc.com/,Project Developer
Accelergen Energy,www.accelergen.com,Project Developer
Acciona Energy,https://www.acciona-energia.com/,Project Developer
Accord Power,http://www.accordpowerinc.com,Contractor/Installer
"Accurate Signs and Engraving, Inc.",https://accuratesigns.com/,Service Provider
"AceClamp/PMC Industries, Inc.",http://pmcind.com,Manufacturer/Supplier
"Acuity Power Group, Inc.",http://www.AcuityPower.com,Consultant
"Adaptive Construction Solutions, Inc.",https://www.goapprenticeship.com/home.html,Service Provider
"Adapture Renewables, Inc",https://adapturerenewables.com/,Project Developer
"Aderis Energy, LLC",www.aderisenergy.com,Manufacturer/Supplier
"Advanced Renewable Solutions, LLC",ARSolutions.us,Contractor/Installer
Advantage Capital,www.advantagecap.com,Financial Company
AEI Consultants,www.aeiconsultants.com,Consultant
Aerocompact,www.aerocompact.com/us/homepage/,Manufacturer/Supplier
AES,www.aes.com,Project Developer
AFC Solar,AFC-llc.com,Contractor/Installer
Affordable Equity Partners,https://www.aepartners.com/,Financial Company
Affordable Wire Management,www.affordablewm.com,Manufacturer/Supplier
AgriSunPower,www.aspenergy.net,Project Developer
Aiga Capital Partners,https://www.aigacapital.com/,Consultant
Aim High Corporation,https://www.aimhighsourcing.com/2017/09/05/global-partner/,Service Provider
Akin,http://www.akingump.com,Legal Services
Akuo Energy USA,https://www.akuoenergy.com/en,Electrical Utility
Alchemy Renewable Energy,https://alchemyenergy.com/,Financial Company
Alder Energy Systems,alder-energy.com,Contractor/Installer
Alexus Solar LLC,https://www.alexussolar.com/,Manufacturer/Supplier
Alliance for Tribal Clean Energy,www.tribalcleanenergy.org,Not for Profit
Allive Accountancy,www.jlk-yoonsung.com,Consultant
Alpha ESS USA Inc.,www.alphaess.com,Manufacturer/Supplier
Alpha Technologies Services Inc,outbackpower.com,Manufacturer/Supplier
"Alternate Energy Technologies, LLC (AET Solar)",http://aetsolar.com,Manufacturer/Supplier
"Alternative Energy Southeast, Inc.",http://altenergyse.com,Contractor/Installer
Alternus Energy Group PLC,alternusenergy.com,Service Provider
"Altus Power Management, LLC",www.altuspower.com,Financial Company
"Ambia Energy, LLC",ambiasolar.com,Contractor/Installer
Amergy Solar Inc,amergysolar.com,Contractor/Installer
"American Design & Build, Ltd.",http://adbuild.com,Contractor/Installer
American Ground Screw,americangroundscrew.com,Manufacturer/Supplier
American Microgrid Solutions,www.americanmicrogridsolutions.com,Project Developer
American Securities LLC,http://www.american-securities.com,Service Provider
American Solar & Roofing,Americansolarandroofing.com,Contractor/Installer
"American Solar Grazing Association, Inc.",www.solargrazing.org,None
American Timber and Steel,Www.amtim.com,Manufacturer/Supplier
"American Wealth Financial, LLC",www.americanwealthfinancial.com,Consultant
American Wire Group,http://www.buyawg.com/index.html,Manufacturer/Supplier
Amicus O&M Cooperative,www.AmicusOM.com,Service Provider
Amicus Solar Cooperative,http://amicussolar.com/,Not for Profit
"Amis, Patel, and Brewer",http://apbllp.com/,Legal Services
Ampion,http://ampion.net,Service Provider
AMPS,www.amps-db.com,"Engineering, Procurement & Construction (EPC)"
"Ampt, LLC",https://www.ampt.com/,Manufacturer/Supplier
Andy CG LLC,www.apadanasolartech.com,Consultant
Anker Solix,https://www.anker.com,Energy Storage
"Anza RE, LLC.",https://www.anzarenewables.com/,Manufacturer/Supplier
Aon Transaction Solutions,aon.com,Financial Company
"APA Solar, LLC",apalternatives.com,Manufacturer/Supplier
"Apex Clean Energy, Inc.",http://www.apexcleanenergy.com,Project Developer
Apex-Brasil,www.apexbrasil.com.br,Government
API,www.apillc.com,Contractor/Installer
APsystems,https://usa.apsystems.com/,Manufacturer/Supplier
Aptos Solar Technology LLC,https://www.aptossolar.com/,Contractor/Installer
"Aquatherm Industries, Inc",http://www.aquathermindustries.com,Manufacturer/Supplier
Arcadia Power,http://www.arcadiapower.com,Financial Company
Architectural Solar Association,www.archsolar.org,Not for Profit
ArcVera Renewables,arcvera.com,Service Provider
Arena Renewables,www.arenarenewables.com,Energy Storage
Arevon,https://arevonenergy.com/,Project Developer
Arkansas Advanced Energy Association,https://arkansasadvancedenergy.com/,Not for Profit
Arm Group LLC,http://www.armgroup.net/,Consultant
Armagh Capital,www.armaghcapital.com,Consultant
"Array Technologies, Inc.",http://arraytechinc.com/,Manufacturer/Supplier
"Arrowpoint Energy, LLC",www.apcsolar.com,Contractor/Installer
Art Weiss Industrial Properties,https://www.artweiss.com/,Service Provider
Aspen Power,www.aspenpower.com,Project Developer
"Aspen Site Rentals, LLC",DFWPortapotty.com,Service Provider
"Asplundh Engineering Services, LLC",www.asplundhengineering.com,"Engineering, Procurement & Construction (EPC)"
Asset Engineering,https://assetcompany.com/,Architectural/Engineering
"Astronergy Solar, Inc.",http://www.astro-energy.com/,Manufacturer/Supplier
"Atkore International, Inc.",www.atkore.com,Manufacturer/Supplier
Atlantic Union Bank,https://www.atlanticunionbank.com/,Financial Company
Atlasta Solar Center,www.atlastasolar.com,Contractor/Installer
"Atmos Financial, PBC",https://www.joinatmos.com/,Financial Company
ATX Solar,http://www.atxsolar.us,Consultant
Aurora Solar & Helioscope by Aurora,http://www.aurorasolar.com/,Service Provider
Avaada Group,www.avaadaenergy.com,None
Avantus,https://avantus.com/,Project Developer
"AZTEC Engineering Group, Inc.",https://www.aztec.us/,"Engineering, Procurement & Construction (EPC)"
Babcock Campgrounds,[email protected],Research
Babcock Campgrounds,[email protected],Research
Babst Calland,http://www.babstcalland.com/,Manufacturer/Supplier
Baker Electric Home Energy,https://bakerhomeenergy.com/,"Engineering, Procurement & Construction (EPC)"
Ballard Spahr LLP,ballardspahr.com,Legal Services
Bank 34,https://www.bank34.com/,Financial Company
Bank of America,https://www.bankofamerica.com/,Financial Company
Banyan Infrastructure,https://www.banyaninfrastructure.com/,Service Provider
"Barge Design Solutions, Inc.",www.bargedesign.com,Architectural/Engineering
"Barnes & Thornburg, LLP",http://www.btlaw.com/,Legal Services
BaseCAMP Renewables LLC,basecamprenewables.com,"Engineering, Procurement & Construction (EPC)"
BayWa r.e. US,https://us.baywa-re.com/en/,Project Developer
Bechtel,http://www.bechtel.com,"Engineering, Procurement & Construction (EPC)"
Bellus Ventures,https://bellusventures.com/,Financial Company
"Benjamin Media, Inc.",http://benjaminmedia.com/,Communications/Marketing
Bentek Corporation,https://www.bentek.com/,Manufacturer/Supplier
Bernstein Shur,bernsteinshur.com,Legal Services
Best Energy Power,www.bestenergypower.com,Contractor/Installer
Best Payment Solutions,https://bestpayment.solutions/,Communications/Marketing
Bia Energy Capital,https://bia.energy/,Project Developer
"Big Data Supply, Inc.",https://bigdatasupplyinc.com/,Service Provider
Big Sun Solar,https://www.bigsunsolar.com/,Contractor/Installer
Billings Roofing and Solar,www.billings.construction,Contractor/Installer
Birch Creek Energy LLC,https://birchcreekdev.com/,Financial Company
Black & Veatch Corporation,www.bv.com,"Engineering, Procurement & Construction (EPC)"
"Blanchard and Associates Land Services, LLC",www.BlanchardLand.com,Consultant
Blattner Company,http://www.blattnerenergy.com,"Engineering, Procurement & Construction (EPC)"
BluePath Finance LLC,www.bluepathfinance.com,Financial Company
BluePrint Supply Chain,www.blueprintsupplychain.com,Consultant
Bluetti Power Inc,www.bluettipower.com,Energy Storage
BlueWave Solar,http://bluewavesolar.com/,Project Developer
"Blymyer Engineers, Inc.",blymyer.com,Architectural/Engineering
Bodhi,https://www.bodhi.solar/,Service Provider
"Bohn and Dawson, Inc",https://www.bdiweldedtubing.com/,Manufacturer/Supplier
Bombard Electric,bombardre.com,"Engineering, Procurement & Construction (EPC)"
BONCK America Corporation,www.bonck.us,Architectural/Engineering
"Borea Construction USA, LLC",www.boreaconstruction.com,"Engineering, Procurement & Construction (EPC)"
Boviet Solar,https://bovietsolar.com/,Manufacturer/Supplier
"BOW Renewables, LLC",http://www.bowrenewables.com,Project Developer
"Bradley Arant Boult Cummings, LLP",http://www.babc.com,Legal Services
Bricker Graydon,http://www.bricker.com/,Legal Services
Briggs & Stratton,https://www.basco.com/home.html,Manufacturer/Supplier
BrightNight,https://brightnightenergy.com/,Project Developer
Brookfield Power US Asset Management LLC,https://bep.brookfield.com/,Project Developer
Brooklyn Solarworks,www.brooklynsolarworks.com,Contractor/Installer
Buglet Solar Electric,http://bugletsolar.com/,Contractor/Installer
Built Robotics,https://www.builtrobotics.com/,Architectural/Engineering
Bullrock Renewables,https://www.bullrockrenewables.com/,Project Developer
BW Solar Holding Inc.,bwsolar.com,Project Developer
BYLTup,https://www.byltup.com/,Contractor/Installer
CAB Solar,[email protected],Manufacturer/Supplier
Caelux Corporation,www.caelux.com,Research
Calibrant Energy,https://calibrantenergy.com/,Project Developer
California Clean Energy LLC,https://haloenergypartners.com/,Contractor/Installer
California Solar Group,https://casolargroup.com/,Contractor/Installer
Camelot Energy Group,www.camelotenergygroup.com,Consultant
Canadian Solar (USA) Inc.,http://www.canadiansolar.com,Manufacturer/Supplier
"Cape Fear Solar Systems, LLC",capefearsolarsystems.com,Contractor/Installer
"Cardinal Investment Company, Inc.",https://www.cicpartners.com/,Project Developer
"Carolina Solar Energy, LLC",http://www.carolinasolarenergy.com,Project Developer
Carolinas Clean Energy Business Association,https://carolinasceba.com/,Not for Profit
"Castle Energy Group, LLC",www.wearecastle.com,Service Provider
Catalyze,catalyze.net,Financial Company
Catamount Solar,http://www.catamountsolar.com,Contractor/Installer
CED Greentech HQ,http://cedgreentechsd.com,Distributor
Cenergy Power,http://www.cenergypower.com,Contractor/Installer
Central South Carpenters Regional Council,www.centralsouthcarpenters.org,Contractor/Installer
CEP Renewables LLC,http://www.ceprenewables.com/,Project Developer
CertainTeed LLC,http://certainteed.com,Manufacturer/Supplier
CES NeoSilica USA,www.neosilica.com,Manufacturer/Supplier
Chaberton Energy,www.chaberton.com,Project Developer
Chapman and Cutler LLP,http://www.chapman.com,Legal Services
Cherrytree Group,https://cherrytree-group.com/,Financial Company
Chiko USA LLC,https://www.chikousa.com/,Manufacturer/Supplier
CI Renewables LLC,Www.cirenew.com,Project Developer
Citizens Energy Corporation,http://citizensenergy.com,Not for Profit
"Civil & Environmental Consultants, Inc.",www.cecinc.com,Consultant
"CKR Solar, LLC",www.ckrsolar.com,Contractor/Installer
Clark Bros. Inc.,http://www.clarkbrosinc.com/,Contractor/Installer
Clean Energy Associates,http://www.cleanenergyassociates.com,Consultant
Clean Energy Associates,http://www.cleanenergyassociates.com,Consultant
Clean Energy Counsel,www.cleanenergycounsel.co.,Legal Services
Clean Energy Services (CES),https://www.cesrenewables.com/,Service Provider
Clean Footprint LLC,http://clean-footprint.com/,Contractor/Installer
Clean Power Consulting Group,www.cleanpower.group,Consultant
CleanChoice Energy,CleanChoiceEnergy.com,Service Provider
CleanFin,http://www.cleanfinllc.com/,Consultant
Cleantech Industry Resources,www.cleantechindustryresources.com,Architectural/Engineering
CleanView Capital,http://www.CleanViewCapital.com,Financial Company
ClearGen LLC,www.clear-gen.com,Financial Company
CliftonLarsonAllen (CLA),https://www.claconnect.com/en,Consultant
Cloudbreak Energy Partners,cloudbreakenergy.com,Project Developer
CMTA,https://www.cmta.com/,Architectural/Engineering
Coalition for Community Solar Access,http://www.communitysolaraccess.org/,Not for Profit
COCOSOLAR,,Project Developer
"CohnReznick, LLP",www.cohnreznick.com/industries/renewable-energy,Financial Company
COHO,www.customerfirstrenewables.com,Service Provider
"CollectiveSun, LLC",https://www.collectivesun.com,Financial Company
Colorado Solar & Storage Association (COSSA),coseia.org,Not for Profit
COM2 Recycling Solutions,https://com2recycling.com/,Service Provider
Commercial Solar Panel Recycling,www.commercialsolarpanelrecycling.com,Service Provider
Community 1st Credit Union,https://myc1cu.com/home,Financial Company
Community Power Group,http://www.communitypowergroup.com/,Project Developer
"CompanyCam, Inc.",companycam.com,Service Provider
Concord Servicing Corporation,www.concordservicing.com,Service Provider
Conductor Power LLC.,https://conductorpower.com/,"Engineering, Procurement & Construction (EPC)"
Conexsol US LLC,http://www.conexsol.com,"Engineering, Procurement & Construction (EPC)"
ConnectDER LLC,https://connectder.com/,Service Provider
Connected Solar,www.connectedsolar.com,"Engineering, Procurement & Construction (EPC)"
ConnectGen LLC,www.connectgenllc.com,Project Developer
Construction Art,www.constructionart.us,"Engineering, Procurement & Construction (EPC)"
Construction Innovations,www.constructioninnovations.com,Manufacturer/Supplier
"Contemporary Amperex Technology Co., Limited",https://www.catl.com,Manufacturer/Supplier
Cordelio Power,cordeliopower.com,Electrical Utility
Core Development Group,http://www.coredevusa.com/,Project Developer
Cornerstone Solar South LLC,www.cornerstonesolarsouth.com,Contractor/Installer
Cornerstone Systems,cornerstone-systems.com,Service Provider
Correlate Energy,www.correlate.energy,Project Developer
Cox Enterprises,https://www.coxenterprises.com/,Corporate Solar User
CPP Wind Engineering,www.cppwind.com,Consultant
CPS (Glass),https://cpsglass.com/,Manufacturer/Supplier
CRC-IB,,Financial Company
Cross Country Infrastructure Services,crosscountryis.com,"Engineering, Procurement & Construction (EPC)"
Crowell & Moring LLP,http://www.crowell.com,Legal Services
CS Energy,www.csenergy.com,"Engineering, Procurement & Construction (EPC)"
"CTEC Solar, LLC",http://www.ctecsolar.com,Project Developer
"Cultivate Power, LLC",https://cultivatepower.co/,Service Provider
Current Connected LLC,https://www.currentconnected.com/,Distributor
Current Electric,www.currentelectricco.com,Contractor/Installer
Current Electric Company,www.currentelectricco.com,Contractor/Installer
Current Electric Company,www.currentelectricco.com,Contractor/Installer
"Current Energy, LLC",Currentenergy.co,Project Developer
Current Renewables Engineering,http://www.currentrenewableseng.com,Architectural/Engineering
Custom Goods,https://www.custom-goods.com/,Manufacturer/Supplier
"CVE North America, Inc.",https://www.cvenorthamerica.com/,Project Developer
Cypress Creek Renewables,https://ccrenew.com/,Project Developer
D.A. Davidson & Co.,https://dadavidson.com/,Financial Company
Day & Zimmermann,https://www.dayzim.com/,None
"Day One Solar, Inc.",http://www.day1solar.com,Contractor/Installer
DCC,https://www.dcc.ie/,Distributor
DCE Solar,dcesolar.com,Manufacturer/Supplier
Decom Solar,www.decomsolar.com,None
Deloitte,http://www.deloitte.com/us/alternativeenergy,Consultant
DeRosa Advisors,,Consultant
DG+Design,https://www.dgplusdesign.com/,Communications/Marketing
dGEN Energy Partners,dgenenergy.com,Project Developer
Dimension Renewable Energy,www.dimension-energy.com,Project Developer
Directional Services Inc.,directionalservices.net,Contractor/Installer
Discover Energy Systems,discoverbattery.com,Manufacturer/Supplier
Distributed Solar Development,https://dsdrenewables.com/,Service Provider
Distributed Sun LLC,http://www.distributedsun.com,Project Developer
"DIVERXIA INFRASTRUCTURE USA, CORP.",https://www.diverxia.us/,Project Developer
DNV Energy USA Inc.,https://www.dnvgl.com/energy/,Architectural/Engineering
Doral Renewables LLC,doral-llc.com,Project Developer
Doyle Land Services,www.doyleland.com,Project Developer
Driftpoint Renewables,www.driftpointsolar.com,Project Developer
Duracell Power Center,https://duracellpowercenter.com/,Manufacturer/Supplier
DWS Energy,https://www.dwsenergy.com/,None
Dykema Gossett PLLC,www.dykema.com,Legal Services
Earthlight Technologies,www.earthlighttech.com,Contractor/Installer
"East Side Solar Holdings, LLC",https://www.eastsidesolarholdings.com/,None
EcoFasten Solar,www.ecofastensolar.com,Manufacturer/Supplier
EcoFlow Technology Inc,https://us.ecoflow.com/,Manufacturer/Supplier
EcoWatch,ecowatch.com,Communications/Marketing
EDF Renewables,http://www.edf-re.com/,Project Developer
"Edko, LLC.",https://edkollc.com/,Service Provider
EDP Renewables North America,http://edpr.com,Project Developer
EE North America LLC,europeanenergy.com,"Engineering, Procurement & Construction (EPC)"
"Efficient Energy of Tennessee, LLC",http://www.eetenn.com,Contractor/Installer
EightTwenty,eighttwenty.com,Contractor/Installer
"Electric Power Engineers, LLC",http://epeconsulting.com,Architectural/Engineering
Electronic Recyclers International (ERI),https://eridirect.com/,Service Provider
"EMA Electromechanics, LLC",http://www.emaelectromechanics.com,Manufacturer/Supplier
"EMA Electromechanics, LLC",http://www.emaelectromechanics.com,Manufacturer/Supplier
Emeren,www.Emeren.com,Contractor/Installer
Empower Energies Clean Infrastructure LLC,http://www.empowerenergies.com,Project Developer
EmPower Solar,http://empower-solar.com/,Contractor/Installer
"Empowered Energy Systems, LLC",http://www.empoweredenergysystems.com,Contractor/Installer
"Empresa Nacional de Energía Solar, S.A",https://www.nsolar.net/,Manufacturer/Supplier
En-Trust LLC,https://www.en-trustllc.com/,Financial Company
Enact,https://enact.solar/,Service Provider
Encore Renewable Energy,http://encorerenewableenergy.com/,Project Developer
"Endurance Clean Energy, LLC",http://www.endurancece.com/,Project Developer
Endurans Solar,www.endurans.com,Manufacturer/Supplier
"Enel Green Power North America, Inc.",https://www.enelgreenpower.com/,Project Developer
Enerflo,https://enerflo.com/,Service Provider
Energility,energility.com,Architectural/Engineering
Energy Assurance Company LLC,EnergyAssuranceCompany.com,Service Provider
Energy BPO Corp,www.energybpo.com,Communications/Marketing
Energy Design,solarenergydesign.com,Contractor/Installer
Energy Loan Network,https://energyloannetwork.com/,Financial Company
"Energy Pathways, LLC",www.energypathways.co,Project Developer
Energy Project Solutions LLC,www.energyprojectsolutions.com,Consultant
Energy Project Solutions LLC,www.energyprojectsolutions.com,Consultant
Energy Toolbase,www.energytoolbase.com,Service Provider
"Energy Toolbase Software, Inc.",https://www.energytoolbase.com/,Service Provider
energyRe,www.energyre.com,Project Developer
EnergySage,http://www.energysage.com,Service Provider
EnergyScape Renewables,n/a,Architectural/Engineering
Enertis Applus+,https://www.enertisapplus.com/,Architectural/Engineering
ENGIE North America,https://www.engieresources.com/,Project Developer
"ENHANCEMENT SOLUTIONS, INC",NA,Contractor/Installer
Enphase Energy Inc,http://www.enphaseenergy.com,Manufacturer/Supplier
"EnRG Services, LLC",,Consultant
Ensolar USA LLC,ensolarusa.com,Contractor/Installer
Entegrity,www.entegritysolar.com,"Engineering, Procurement & Construction (EPC)"
EnterSolar LLC,http://www.entersolar.com,Project Developer
EOS Capital Advisors,http://www.eos-cap.com,Financial Company
EPC Power Corp.,https://epcpower.com/,Electrical Utility
"EPEC SOLUTIONS, INC.",www.epecsolutionsinc.com,Consultant
EQ Research LLC,http://www.eq-research.com,Consultant
"Equix Infrastructure, Inc.",www.equixinc.com,Contractor/Installer
Erthos Inc.,https://www.erthos.com/,Manufacturer/Supplier
"Ethos Distributed Solutions, Inc.",http://www.ethossolutions.com/,"Engineering, Procurement & Construction (EPC)"
Evergrow Inc,https://www.evergrow.com/,Financial Company
"EVO Power USA, Inc.",https://evopowerusa.com/,Manufacturer/Supplier
"EVS, Inc.",http://www.evs-eng.com/,Architectural/Engineering
evTerra Recycling,https://evterrarecycling.com/,Service Provider
Excelsior Energy Capital,http://www.excelsiorenergycapital.com,Financial Company
Excite Energy,https://exciteenergy.com/,Contractor/Installer
Exus Management Partners,http://www.exuspartners.com/,Project Developer
EZ Solar,https://ezsolarproducts.com/,Manufacturer/Supplier
"Fabtech Enterprises, Inc.",https://fabtech.net/,Service Provider
Fahner Rosenberg PLLC,https://www.rkfglobal.com/,Legal Services
Family Solar Company,www.familysolarcompany.com,Contractor/Installer
Ferrovial Energy,https://www.ferrovial.com/,Manufacturer/Supplier
"Ferrovial Webber Energy, LLC",wwebber.com,"Engineering, Procurement & Construction (EPC)"
Fifth Third Bank,https://www.53.com/,Financial Company
Financial Machines Inc.,https://financialmachines.com/,Consultant
Fire Mountain Solar LLC,www.firemountainsolar.com,Project Developer
First National Capital,https://firstncc.com/,Financial Company
"Fixedstar Drive Co., Ltd.",http://cngear.com/,Manufacturer/Supplier
FlexGen,flexgen.com,None
FlexRack by Qcells,http://www.solarflexrack.com/,Manufacturer/Supplier
Florida Smart Energy,www.floridasmartenergy.com,Service Provider
Fluence,https://fluenceenergy.com/,Energy Storage
Flywheel Development LLC,www.flywheeldevelopment.com,Project Developer
Foley & Lardner LLP,http://www.foley.com,Legal Services
Foley Hoag LLP,http://foleyhoag.com,Legal Services
ForeFront Power Development LLC,http://www.forefrontpower.com,Project Developer
Fortis Alliance LLC,www.fortisalliance.com,Manufacturer/Supplier
Fortress Power,www.fortresspower.com,Manufacturer/Supplier
Fortune Energy Distribution,https://www.fortuneenergy.net/,Distributor
Foss & Company,www.fossandco.com,Consultant
Foulston Siefkin LLP,www.foulston.com,Legal Services
Foundation Renewable Energy Company,foundationenergy.com,Financial Company
Foxess USA Inc.,https://us.fox-ess.com/,Manufacturer/Supplier
FranklinWH Energy Storage Inc.,https://www.franklinwh.com/,Energy Storage
Fredrikson & Byron P.A.,www.fredlaw.com,Legal Services
Freedom Forever,[email protected],Contractor/Installer
Freedom Solar LLC,https://freedomsolarpower.com,Contractor/Installer
Freestone Renewables,https://www.freestonerenewables.com/,Project Developer
"Fronius USA, LLC",https://www.fronius.com/en-us/usa,Manufacturer/Supplier
FTC Solar Inc.,https://www.ftcsolar.com/,Manufacturer/Supplier
Fundamental Renewables,www.fundamentalrenewables.com,Financial Company
"Fuscoe Engineering, Inc.",fuscoe.com,Architectural/Engineering
Fusion Power,https://www.fusionpowerco.com/,"Engineering, Procurement & Construction (EPC)"
GAF Energy,www.gafcommercialsolar.com,Manufacturer/Supplier
Gaiascope,https://gaia-scope.com/,Service Provider
"Gallagher Evelius & Jones, LLP",www.gejlaw.com,Legal Services
GameChange Solar,http://gamechangeracking.com,Manufacturer/Supplier
Gamesa Electric,https://www.gamesaelectric.com/,Manufacturer/Supplier
Gautam Solar Private Limited,https://www.gautamsolar.com/,Manufacturer/Supplier
Gayk North America,https://www.gayknorthamerica.com/,Manufacturer/Supplier
"GE Appliances, a Haier Company",https://www.geappliances.com/,Manufacturer/Supplier
Generac Power Systems,https://www.generac.com/home,Manufacturer/Supplier
General Stamping & Metalworks,http://www.gsmwinc.com,Manufacturer/Supplier
"Generate Capital, PBC",http://www.generatecapital.com/,Financial Company
Genforce Power Inc.,www.genforcepower.com,"Engineering, Procurement & Construction (EPC)"
"Genie Retail Energy, Inc.",https://genie.com/,Contractor/Installer
"GenRenew, LLC",www.genrenew.com,Contractor/Installer
Geoscape Solar,geoscapesolar.com,Contractor/Installer
Ginlong (Solis Inverters),http://www.ginlong.com,Manufacturer/Supplier
Glenvale LLC,www.glenvale.solar,Project Developer
Globus Thenken,Www.globusthenken.com,Consultant
Go Solar Power,https://gosolarpower.com/,Contractor/Installer
Goal Solutions,https://goalsolutions.com/,Financial Company
GOLDBECK SOLAR Canada Corp,www.na.goldbecksolar.com,"Engineering, Procurement & Construction (EPC)"
Good Idea Solar,https://goodideasolar.com/,Project Developer
Good Steward Consulting,https://www.goodstewardconsulting.com/,Consultant
"GoodLeap, LLC",https://goodleap.com/,Financial Company
"GoodWe USA, Inc.",,Manufacturer/Supplier
Google Ltd.,https://www.google.com/,Service Provider
Goshen Stamping,https://goshenstamping.com/,Manufacturer/Supplier
GRAPH Strategy,www.graphstrategy.com,Consultant
Great Basin Solar,www.greatbasinsolar.com,Contractor/Installer
GreatAmerica Portfolio Services Group,http://www.greatamerica.com,Consultant
Green Energy OH,http://www.greenenergyohio.org,Not for Profit
Green Lantern Solar,www.greenlanternsolar.com,Contractor/Installer
"Green Resources, LLC",greenresources-us.com,Service Provider
Green Seal Environmental,gseenv.com,Contractor/Installer
Green Source EPC LLC,www.greensourceepc.com,"Engineering, Procurement & Construction (EPC)"
"Green Street Power Partners, LLC",[email protected],Contractor/Installer
Green Wave Solar,www.greenwavesolar.com,Contractor/Installer
"Greenalia Solar Power, Inc",greenalia.es,Project Developer
"Greenberg Traurig, LLP",http://www.gtlaw.com/,Legal Services
Greene Tech Renewable Energy LLC,https://www.gtresolar.com/,Contractor/Installer
GreenFront Energy Partners,https://www.greenfrontenergy.com/,Financial Company
Greenlink Solar Solutions,https://usgreenlink.com,Contractor/Installer
GreenPenny Bank,www.greenpenny.com,Financial Company
Greenrunner,www.greenrunnerclean.com,None
"Greenvolt Power USA, Inc.",www.power.greenvolt.com,Project Developer
Greenwood Sustainable Infrastructure LLC,http://gwenergy.com,"Engineering, Procurement & Construction (EPC)"
Grenergy Renovables,https://grenergy.eu/en/,Electrical Utility
"Gresco Utility Supply, Inc.",www.gresco.com,Distributor
GRID Alternatives,http://www.gridalternatives.org,Not for Profit
Grid SME,https://www.gridsme.com/,Consultant
"GridSecurity, Inc.",https://www.gridsme.com/gridsecurity,Consultant
Gridwealth,www.massamerican.com,Project Developer
Gridworks,www.gridworks.com,"Engineering, Procurement & Construction (EPC)"
"GroundWork Renewables, Inc.",https://grndwork.com/,Contractor/Installer
H2DC,www.h2dc.com,Architectural/Engineering
Halff Associates,halff.com,Architectural/Engineering
Hammond Power Solutions,http://www.hammondpowersolutions.com,Manufacturer/Supplier
Hansen Technologies,hansencx.com,Service Provider
"Hanwha Q Cells America, Inc.",https://qcells.com/us/,Manufacturer/Supplier
Harvest Solar,http://www.harvestenergysolutions.com,Contractor/Installer
Haven Energy,https://havenenergy.com/,Contractor/Installer
Heartland Renewables LLC.,https://heartlandrenewables.com/,Architectural/Engineering
HeatSpring,https://heatspring.com/,None
Hecate Energy,http://hecateenergy.com/,Project Developer
Heliacal Holdings LLC,NA,Financial Company
HellermannTyton,https://www.hellermanntyton.us/industries/energy-solar,Manufacturer/Supplier
Hemlock Semiconductor,http://hscpoly.com,Manufacturer/Supplier
hep Energy USA Holdings Inc.,www.hep.global,"Engineering, Procurement & Construction (EPC)"
Hesse Martone P.C.,https://www.hessemartone.com/,Legal Services
"Hexagon Energy, LLC",http://hexagon-energy.com/,Project Developer
High Performance PV,http://www.highperformancepv.com,Consultant
High Road Clean Energy LLC,highroadcleanenergy.com,Electrical Utility
HighSeas,www.highseas.com,Consultant
Home PRO Technologies,https://homeprotech.com/,Contractor/Installer
"Hoss Solar Resources, LLC",https://hosssolar.com/,Contractor/Installer
Hoymiles,www.hoymiles.com,Manufacturer/Supplier
HSB,http://www.munichre.com/HSB/home/index.html,Financial Company
HSC ENERGY SOLUTIONS,https://www.howard-supply.com/,Architectural/Engineering
Hubay Dougherty,www.hubaydougherty.com,Legal Services
Hubbell Incorporated,http://www.hubbell.com,Manufacturer/Supplier
Hunton Andrews Kurth LLP,https://www.huntonak.com/,Legal Services
Hydro Green Erosion Control,http://www.hydrogreenerosioncontrol.com,Contractor/Installer
Hypower LLC,http://www.hypowerinc.com,"Engineering, Procurement & Construction (EPC)"
Hyundai Energy Solutions America,https://eng.hhigreen.com/,Manufacturer/Supplier
IBTS,http://www.ibts.org,Not for Profit
ibV Energy Partners,http://ibvpartners.com/,"Engineering, Procurement & Construction (EPC)"
ICAST,www.icastusa.org,Not for Profit
Ice Industries,www.iceindustries.com,Manufacturer/Supplier
"Ideal Energy, LLC",https://www.idealenergysolar.com/,Contractor/Installer
Ideematec Inc.,https://www.ideematec.com/,Manufacturer/Supplier
Idemitsu Renewables,http://www.solar-frontier.com/eng/,Project Developer
IGS Energy,http://www.igsenergy.com/,Project Developer
IKEA,https://www.ikea.com,Corporate Solar User
"Imani Energy, Inc.",www.imanienergy.com,Contractor/Installer
Imperial Star Solar (Cambodia) Co. LTD,https://www.imperialstar.com/,Manufacturer/Supplier
Independence Solar,http://independencesolar.com,Project Developer
Independent Energy,https://independentenergyhawaii.com/,Contractor/Installer
Industrial Sun LLC,https://www.industrialsun.com/,None
Infinite Energy Advisors,https://www.infiniteenergyadvisors.com/,Contractor/Installer
Infiniti Energy LLC,www.infinitienergy.com,Project Developer
Infinity Energy,http://goinfinityenergy.com/,"Engineering, Procurement & Construction (EPC)"
Ingeteam Inc,http://ingeteam.com,Manufacturer/Supplier
Innergex Renewable Development USA LLC,http://www.innergex.com,Project Developer
Inovateus Solar LLC,http://www.inovateussolar.com,"Engineering, Procurement & Construction (EPC)"
INpower Global Insurance Services,https://inpowerglobal.com/industries/clean-energy/,Service Provider
Interco -- A Metaltronics Recycler,www.intercotradingco.com,Service Provider
Intersect Power,http://www.intersectpower.com/,Project Developer
Inty Power,https://intypower.com/,Contractor/Installer
Invaleon Solar Technologies,invaleonsolar.com,"Engineering, Procurement & Construction (EPC)"
Invenergy LLC,http://www.invenergyllc.com,Project Developer
"IronRidge,Inc.",www.ironridge.com,Manufacturer/Supplier
"iSun, Inc.",https://isunenergy.com/,Project Developer
Ivy Energy,https://www.ivy-energy.com/,Service Provider
J.S. Held LLC,https://www.jsheld.com/,Consultant
JA Solar,http://jasolar.com,Manufacturer/Supplier
JM Steel,www.jm-steel.com,Manufacturer/Supplier
"Jones Power, LLC",jonespower.com,Service Provider
K2 Systems LLC,http://www.everest-solarsystems.com,Manufacturer/Supplier
Kalyon PV,www.kalyonpv.com,None
KB Racking,http://kbracking.com,Manufacturer/Supplier
Kelsun Energy,www.kelsunenergy.com,Project Developer
Kendall Sustainable Infrastructure,http://kendallinvestments.com/,Financial Company
Kern Solar Structures,http://solar.kernsteel.com/,Manufacturer/Supplier
Kesslev Global Energy LLC,na,Project Developer
Keystone Power Holdings,www.keystoneph.com,Project Developer
Kiewit Energy Group,www.kiewit.com,"Engineering, Procurement & Construction (EPC)"
Kilo Hollow Energy,kilohollow.com,Contractor/Installer
Kilpatrick Townsend and Stockton LLP,kilpatricktownsend.com,Legal Services
Kinematics,kinematicsmfg.com,Manufacturer/Supplier
Kinematics,https://www.kinematicsmfg.com/,Manufacturer/Supplier
Kirkland & Ellis LLP,http://www.kirkland.com,Legal Services
Kiterocket,www.kiterocket.com,Communications/Marketing
Kleinfelder Inc.,http://www.kleinfelder.com/,Architectural/Engineering
"Kodiak Solar, LLC",https://kodiakroofing.com/,Contractor/Installer
Koontz Wagner Services,www.koontzwagnerservices.com,Contractor/Installer
Korea Hydro & Nuclear Power Co. Ltd.,khnp.co.kr,Electrical Utility
Korea Photovoltaic Industry Association (KOPIA),http://www.kopia.asia,Not for Profit
KW Renewable Engineering,https://www.kwrenewableengineering.design/,Architectural/Engineering
L.E.K. Consulting,https://www.lek.com,Consultant
LaBella Associates,www.labellapc.com,Architectural/Engineering
Laborers-Employers Cooperation & Education Trust Fund,http://nwlecet.com/,Not for Profit
LandGate,LandGate.com/home,Service Provider
"LandscapeHub, Inc.",www.landscapehub.com,Manufacturer/Supplier
Leeward Renewable Energy,www.leewardenergy.com,Contractor/Installer
Legion1 Energy,,Project Developer
LevelTen Energy,http://www.leveltenenergy.com,Financial Company
Lexin Capital,www.lexincapital.com,Financial Company
LG Electronics U.S.A.,http://www.lgsolarusa.com,Manufacturer/Supplier
Lightshed Grant Writing,lightshed.us,Consultant
"Lightsource Renewable Energy US, LLC",https://www.lightsourcebp.com/us/,Project Developer
LightStar Renewables,www.lightstar.com,Project Developer
LightWave Solar Electric LLC,http://www.lightwavesolar.com,Contractor/Installer
Lindsay Renewables,www.lindsayrenewables.com,Manufacturer/Supplier
"Liskow & Lewis, APLC",liskow.com,Legal Services
"Liskow and Lewis, APLC",liskow.com,Legal Services
LIUNA Pacific Southwest Region,https://www.lecetsouthwest.org/,Contractor/Installer
Live Oak Bank,http://www.liveoakbank.com,Financial Company
Lizards Landing,Consultant,Architectural/Engineering
Lizards Landing,Consultant,Architectural/Engineering
LJA Energy Inc.,www.lja.com,"Engineering, Procurement & Construction (EPC)"
Longi Solar Technology (U.S.) Inc.,http://en.longi-solar.com/,Manufacturer/Supplier
"Longroad Energy Holdings, LLC",http://www.longroadenergy.com/,Project Developer
LS Electric America,https://www.lselectricamerica.com//,Manufacturer/Supplier
LS Energy Solutions,https://www.ls-es.com/,Energy Storage
Lumetech North America Corp.,https://www.lumetech.com/,Manufacturer/Supplier
Lumin,https://www.luminsmart.com/,Manufacturer/Supplier
Luminia,https://luminia.io/,Financial Company
Lunar Energy,www.lunarenergy.com,Manufacturer/Supplier
"LuxpowerTek Co., Limited",https://luxpowertek.com/,Manufacturer/Supplier
"M Bar C Construction, Inc.",mbarconline.com,"Engineering, Procurement & Construction (EPC)"
Madison Street Renewables,https://madisonstreetrenewables.com/,Financial Company
Magen Eco Energy US,http://www.umasolar.com,Distributor
Mangum Economics,www.mangumeconomics.com,Consultant
Manhattan Solar Partners,MSPSolar.com,Project Developer
Mantis Innovation,mantisinnovation.com,Consultant
"Marina Landscape, Inc.",https://www.marinaco.com/,Contractor/Installer
Marsh & McLennan Agency,http://mma-west.com/,Financial Company
Marten Law LLP,www.martenlaw.com,Legal Services
Marubeni-Itochu Steel America Inc. (MISA),http://misa.com/default.asp,Manufacturer/Supplier
"Mashuda Contractors, Inc.",www.mashuda.com,Contractor/Installer
"Matrix Holdings, LLC",https://www.mtrxholdings.com/solar-for-electric-users/,Financial Company
McCarthy Building Companies Inc.,http://www.mccarthy.com/projects/renewable-energy,"Engineering, Procurement & Construction (EPC)"
McCauley Lyman,http://www.mccauleylyman.com/,Legal Services
McClure Company,https://www.mcclureco.com/,"Engineering, Procurement & Construction (EPC)"
MCF Solar LLC,http://mcfsolar.com,Contractor/Installer
Mechatron Solar,www.mechatron-solar.com,Manufacturer/Supplier
Mentis Corp,https://mentiscorp.com/,Service Provider
"Meridian Commercial Finance Consultants, LLC",http://www.meridiancfc.com/,Financial Company
Meridian Investments,Www.meridianinvestments.com,Financial Company
"Meta Energy Advisors, LLC",www.4metaenergy.com,Distributor
Meyer Burger Americas LTD,https://www.meyerburger.com/en/,Manufacturer/Supplier
Meyer Burger Americas LTD,https://www.meyerburger.com/en/,Manufacturer/Supplier
Michigan Solar and Roofing,www.michigansolarandroofing.com,Contractor/Installer
MidNite Solar,http://www.midnitesolar.com,Manufacturer/Supplier
Midwest Renewable Energy Association (MREA),www.midwestrenew.org,Not for Profit
"Midwest Sales And Consulting Services, LLC",https://www.midwestsalesconsultants.com/,Manufacturer/Supplier
"Millborn Seeds, Inc.",www.millbornseeds.com,Manufacturer/Supplier
Mincon Inc.,https://mincon.com/,Manufacturer/Supplier
"Mintz Levin Cohn Ferris Glovsky And Popeo, PC",mintz.com,Legal Services
Mission Energy Inc.,https://www.mission.energy/,Project Developer
Mission Solar Energy,http://www.missionsolar.com/,Manufacturer/Supplier
Mississippi Solar LLC,mssolar.net,Contractor/Installer
"Mississippi Solar, LLC",mssolar.net,Contractor/Installer
"Missouri Solar Applications, LLC",http://mosolarapps.com,Contractor/Installer
Mitrex,www.mitrex.com,Manufacturer/Supplier
MN8 Energy,https://mn8energy.com/get-in-touch/,Project Developer
Monarch Private Capital,http://www.monarchprivate.com/,Financial Company
Mosaic Inc.,https://joinmosaic.com/,Financial Company
Moss & Associates LLC,http://www.mosscm.com,"Engineering, Procurement & Construction (EPC)"
Mudge Fasteners,http://www.mudgefasteners.com,Distributor
Müller Industrial Services,https://mullersolar.com/,Service Provider
"Municipal Advisor Solutions, LLC",http://NA,Consultant
Mynt Systems,www.myntsystems.com,"Engineering, Procurement & Construction (EPC)"
Namaste Solar,http://www.namastesolar.com,Contractor/Installer
National Cooperative Bank (NCB),http://www.ncb.coop,Financial Company
National Equity Fund,https://nefinc.org/,Financial Company
National Material LP,www.nmlp.com,Manufacturer/Supplier
National Renewable Solutions,www.natrs.com,Project Developer
National Roofing Contractors Association,www.nrca.net,Educational Institution
National Roofing Partners,www.nationalroofingpartners.com,Contractor/Installer
National Trust Community Investment Corporation,https://ntcic.com/,Financial Company
Natural Power Consultants,https://www.naturalpower.com/,Consultant
Naturgy Renewables USA Corp.,https://www.naturgy.com/inicio,Oil & Gas
"Nautilus Solar Energy, LLC",http://www.nautilussolar.com,Project Developer
Navisun,http://navisunllc.com/,Service Provider
NC Clean Energy Technology Center,http://nccleantech.ncsu.edu/,Educational Institution
NC Sustainable Energy Association (NCSEA),http://www.energync.org/,Not for Profit
"NCT Solar, Inc",www.nctsolar.com,Distributor
Nelnet Renewable Energy,https://nelnetinc.com/nds/industries/renewable-energy/,Service Provider
Net Zero Solar,netzerosolar.net,Contractor/Installer
"Nevados Engineering, Inc.",https://nevados.co/,Manufacturer/Supplier
New Columbia Solar,http://newcolumbiasolar.com/,"Engineering, Procurement & Construction (EPC)"
"New Earth Solar, LLC",http://www.NewEarthSolarMI.com,Contractor/Installer
"New Energy Equity, LLC",http://newenergyequity.com,Project Developer
New Generation Energy and Environment,http://www.newgenerationcorp.com,Contractor/Installer
New Generation Energy Environment,http://www.newgenerationcorp.com,Contractor/Installer
New Process Steel,www.nps.cc,Manufacturer/Supplier
Newcomb & Boyd,newcomb-boyd.com,None
Newport Solar,www.newportsolarri.com,Contractor/Installer
NewSun Energy,www.newsunenergy.net,Project Developer
"Nexamp, Inc.",http://nexamp.com,Project Developer
"Next Wave Energy Monitoring, Inc.",https://nwemon.com/,Service Provider
"Nextracker, Inc.",http://nextracker.com/,Manufacturer/Supplier
Nixon Peabody LLP,http://nixonpeabody.com,Legal Services
Nofar Energy Ltd.,https://www.nofar-energy.com/en/,Project Developer
Nokomis Energy,nokomisenergy.com,Project Developer
Nomura Securities International,http://www.nria.com/en/index.html,Consultant
Noria Energy,https://noriaenergy.com/,Manufacturer/Supplier
North American Board of Certified Energy Practitioners (NABCEP),http://nabcep.org,Not for Profit
North Avenue Capital,www.northavenue.com,Financial Company
Northeast Construction Inc.,http://www.northeastusa.com/,"Engineering, Procurement & Construction (EPC)"
Norton Rose Fulbright US LLP,http://www.nortonrosefulbright.com,Legal Services
Not Applicable,NA,Project Developer
NOV,https://www.nov.com/,Oil & Gas
"NovaSolix, Inc.",http://www.novasolix.com/,Contractor/Installer
Novitium Energy,http://www.novitiumenergy.com/,Project Developer
Novogradac & Company LLP,http://www.novoco.com,Financial Company
"Novotech Construction, Inc.",http://www.novotechconstruction.com,Contractor/Installer
NPV Solar,npvsolar.com,Project Developer
NRG Systems,http://www.nrgsystems.com/,Manufacturer/Supplier
NSAI Energy,https://nsaienergy.com/,Manufacturer/Supplier
"NuConsult Services, LLC",https://nuconsult.net/,Consultant
Nucor Corporation,https://nucor.com/,Manufacturer/Supplier
Nusun Inc,https://www.facebook.com/nusuninc/,"Engineering, Procurement & Construction (EPC)"
Nuveen Green Capital,nuveen.com/greencapital,Financial Company
OCI Solar Power LLC,http://www.ocisolarpower.com,Project Developer
Octopus Renewables Limited,octopusrenewables.com,Project Developer
Oculus Studio,oculus-studio.com,Architectural/Engineering
"Ojjo, Inc.",https://www.ojjo.com/,Manufacturer/Supplier
Okon Metals Recycling,okonmetals.com,Service Provider
"Olsson, Inc.",www.olssonassociates.com,Consultant
OMCO Solar,http://www.omcosolar.com/,Manufacturer/Supplier
OMG Roofing Products,http://www.omgroofing.com/,Manufacturer/Supplier
Omnidian,http://www.omnidian.com/,Service Provider
"OneEnergy Renewables, Inc.",http://oneenergyrenewables.com,"Engineering, Procurement & Construction (EPC)"
OnePlanet Solar Recycling,https://1planetrecycling.com/,Manufacturer/Supplier
Onsite Companies,www.onsitesolar.com,Contractor/Installer
"OnSwitch, Inc.",www.onswitchenergy.com/,"Engineering, Procurement & Construction (EPC)"
"Ontility, LLC",http://www.ontility.com,Distributor
Onyx Renewable Partners L.P.,http://www.onyxrenewables.com,Project Developer
OPAL ENERGY GROUP LLC,WWW.OPAL.ENERGY,"Engineering, Procurement & Construction (EPC)"
Opdenergy,https://www.opdenergy.com/,Project Developer
Open Road Renewables,www.openroadrenewables.com,Project Developer
Operant Networks,www.operantnetworks.com,Service Provider
Opsun Systems Inc.,http://www.opsun.com,Manufacturer/Supplier
Optivolt,https://optivolt.com/,Manufacturer/Supplier
Orbit Energy & Power,www.orbitenergy.us,Service Provider
Origis Energy,http://www.origisenergy.com,Project Developer
"Orrick, Herrington & Sutcliffe LLP",http://www.orrick.com,Legal Services
OTT HydroMet Lufft USA Kipp & Zonen,https://www.ott.com/en-us/about-us/,Manufacturer/Supplier
Outshine Energy,http://www.outshine.energy/,Service Provider
Paces,https://paces.ai/,Service Provider
Pacific Coast Wire and Cable,www.pacificcoastwire.com,Distributor
Pacifico Power,https://pacificopower.com,Project Developer
Paige Renewable Energy,www.paigeelectric.com,Manufacturer/Supplier
Palmetto Clean Technology,www.palmetto.com,Service Provider
Panamint Capital LLC,https://www.panamintcapital.com/,Project Developer
Panduit,www.panduit.com/en/solutions/markets/renewable-energy.html,Manufacturer/Supplier
"PanelClaw, Inc",http://www.panelclaw.com,Manufacturer/Supplier
Parallel Products Solar Energy,https://parallelproductssolarenergy.com/,None
Parasol Structures Inc,www.parasolstructures.com,"Engineering, Procurement & Construction (EPC)"
Parker and Sons,https://www.parkerandsons.com/,Contractor/Installer
Pattern Energy Group,www.patternenergy.com,Project Developer
PCL Construction Enterprises Inc.,pcl.com,"Engineering, Procurement & Construction (EPC)"
Peak Power Partners,www.peakpower-partners.com,Contractor/Installer
Pearce Services LLC,https://www.pearce-services.com/,Communications/Marketing
"Pearlwind, LLC",www.pearlwind.com,Contractor/Installer
"Peed Bros., Inc.",https://www.peedbros.com/,Contractor/Installer
Pegasus Solar,http://pegasussolar.com/,Manufacturer/Supplier
"Pemco Capital, LLC",www.pemcocapital.com,Project Developer
PeopleReady Skilled Trades,https://skilled.peopleready.com/,Consultant
"Perfect Power, LLC",www.perfectpowerllc.com,Project Developer
Pfister Energy,http://www.pfisterenergy.com,Contractor/Installer
PGM,http://www.clarkbrosinc.com/,Contractor/Installer
"Phazebreak Coatings, Inc",www.phazebreak.com,Manufacturer/Supplier
Philadelphia Energy Authority,www.philaenergy.org,Government
Philadelphia Solar,www.philadelphia-solar.com,Manufacturer/Supplier
"Phoenix Contact USA, Inc.",http://www.phoenixcontact.com,Manufacturer/Supplier
Photon Vault,https://www.photonvault.com/,Project Developer
Photonworks Engineering LLP,http://www.photonworks.com,"Engineering, Procurement & Construction (EPC)"
"PI Berlin North America, LLC",www.pi-berlin.com,Consultant
"Pine Gate Renewables, LLC",https://pinegaterenewables.com/,Project Developer
Pivot Energy,https://pivotenergy.net/,Contractor/Installer
"Planted Solar, Inc",https://www.plantedsolar.com/,Service Provider
PNE USA,www.pne-usa.com,Project Developer
"Pocono Manor Investors, LP",https://www.poconomanor.com/,Project Developer
PointGuard Energy,https://www.pointguardenergy.com/,Manufacturer/Supplier
Porter Electric LLC,https://www.porter-electric.com/,Contractor/Installer
PosiGen LLC,http://www.posigen.com,Contractor/Installer
Power Electronics,https://power-electronics.com/,Manufacturer/Supplier
"POWER Engineers, Inc.",http://www.powereng.com/,Architectural/Engineering
Power Home Remodeling Group,PowerHRG.com,Contractor/Installer
PowerFlex System LLC,https://www.powerflex.com/,Energy Storage
"Pragmatic Foresights, Inc.",n/a,Service Provider
Presto Geosystems,www.prestogeo.com,Manufacturer/Supplier
Primergy Solar,https://primergysolar.com/,Energy Storage
Primoris Renewable Energy,http://www.primoriscorp.com/business-units/primoris-renewable-energy,"Engineering, Procurement & Construction (EPC)"
Priority Wire & Cable INC,http://www.prioritywire.com,Manufacturer/Supplier
Proactive Supply Chain Group,https://www.proactivegroup.ca/,Manufacturer/Supplier
ProLift Rigging,www.proliftrigging.com,Contractor/Installer
Prologis,prologis.com,Corporate Solar User
"ProSolar Group, LLC",www.prosolarflorida.com,Contractor/Installer
Proteus Power,www.proteus-power.com,Project Developer
PSG Energy Group,www.psgenergygroup.com,Project Developer
Puget Sound Solar LLC,www.pugetsoundsolar.com,Contractor/Installer
"Pure Power Engineering, Inc.",http://www.purepowerengineering.com/,Architectural/Engineering
PureSky Energy,http://www.ampsolargroup.com/,Project Developer
PV Circonomy Company,https://www.pvcirconomy.com/en/home/Public,Manufacturer/Supplier
PV Hardware LLC,https://pvhardware.com/,Manufacturer/Supplier
PV Squared,https://pvsquared.coop/,Contractor/Installer
PVcase,pvcase.com,Service Provider
PVinsight Inc.,https://www.pvinsightinc.com/,Architectural/Engineering
Pylon Technologies Co. Ltd.,https://en.pylontech.com.cn/index.aspx,Manufacturer/Supplier
QBi Solutions,www.qbisolutions.com,Service Provider
QMAC Capital,www.qmaccapital.com,Consultant
Quest Renewables,http://www.questrenewables.com,Manufacturer/Supplier
Quicken Steel LLC,https://www.quicksteelbuildings.com/,None
R & R Solar Supply,http://www.randrsolar.com,Manufacturer/Supplier
R3 Renewables,https://r3renewables.com/,Project Developer
Rabobank International,http://www.rabobank.com,Financial Company
Radial Power,https://radialpower.com/,Service Provider
Radian Generation,https://www.radiangen.com/,Service Provider
Radiance Solar,http://www.radiancesolar.com,"Engineering, Procurement & Construction (EPC)"
Raicoon,https://www.raicoon.com/en,Service Provider
Rath Young & Pignatelli,www.rathlaw.com,Legal Services
Rayonier Inc,https://www.rayonier.com/,Manufacturer/Supplier
"RBI Solar, Inc",http://www.rbisolar.com,Manufacturer/Supplier
"Reactivate DevCo, LLC",https://www.reactivate.com/,Service Provider
Ready Field Solutions,www.readyfieldsolutions.com,Service Provider
REC Americas LLC,http://www.recgroup.com/,Manufacturer/Supplier
REC Solar,https://recsolar.com/,Energy Storage
"Redaptive, Inc.",www.redaptiveinc.com,Financial Company
Redeux Energy,http://www.redeuxenergy.com,Project Developer
Reese Yeatman Insurance,www.reeseyeatman.com,Service Provider
"Reliance Piles, Inc.",https://www.reliancepiles.com/,Manufacturer/Supplier
Reneu Energy,http://www.reneuenergy.com/,Consultant
Renewable Energy Services LLC,www.r-e-services.com,Project Developer
Renewable Energy Systems of Indiana LLC,www.res-midwest.com,Project Developer
Renewable Energy Vermont,https://www.revermont.org/,Not for Profit
Renewable Sales and Power Group llc.,Renewablespg.com,Service Provider
Renova Energy,https://renovaenergy.com/,Contractor/Installer
Renu Robotics,https://renurobotics.com/,Consultant
RenUSA,RenUSA.org,Communications/Marketing
Repsol Renewables Development Company LLC,repsol.com,Manufacturer/Supplier
RES (Renewable Energy Systems),http://www.res-group.com,Project Developer
Resort Energy Ventures,www.resortenergyventures.com,Consultant
REVIVE PV SOLAR,revivepv.com,Manufacturer/Supplier
Revolution Solar,www.revolutionsolarny.com,Contractor/Installer
"RIC Development, LLC",usa.ric.energy,Project Developer
Risen Energy Co. Ltd,risenenergy.com,Manufacturer/Supplier
RLC Engineering,rlc-eng.com,Consultant
RNWBL,www.rnwbl.com,Service Provider
"Roof Tech, Inc.",http://www.roof-tech.us,Manufacturer/Supplier
"Rose Law Group, Pc",roselawgroup.com,Legal Services
"Rosendin Electric, Inc.",http://www.rosendin.com,"Engineering, Procurement & Construction (EPC)"
ROTH Capital Partners,https://www.roth.com/,Financial Company
Roxtec,https://www.roxtec.com/us/,None
"RP Construction Services, LLC",https://www.rpcs.com/,"Engineering, Procurement & Construction (EPC)"
RPG ENERGY GROUP INC.,www.rpgenergygroup.com,"Engineering, Procurement & Construction (EPC)"
rPlus Energies,https://www.rplusenergies.com/team,Project Developer
Runergy Alabama Inc.,https://www.hyperion-solar.com/,Manufacturer/Supplier
Rural Power & Light,https://ruralpl.us/,Project Developer
RWE Clean Energy,https://www.group.rwe/en/the-group/organisational-structure/rwe-renewables/rwe-renewables-americas-llc,Project Developer
Ryan Incorporated Central,www.ryancentral.com,Contractor/Installer
"S-5! Metal Roof Innovations, Ltd",http://www.s-5.com,Manufacturer/Supplier
"Samsung C&T Renewables, LLC",http://www.samsungrenewableenergy.ca,Project Developer
Santa Energy Corporation,https://santaenergy.com,Contractor/Installer
"SB Energy, Inc.",https://sbenergy.com/,Project Developer
Scale Microgrids,www.scalemicrogridsolutions.com,Service Provider
Scenic City Solar LLC,www.sceniccitysolar.com,Contractor/Installer
Scenic Hill Solar,www.scenichillsolar.com,Project Developer
Schletter NA Inc.,https://schletter-group.com/,Manufacturer/Supplier
Scirocco Financial Group,Www.sciroccogroup.com,Financial Company
ScottMadden,http://www.scottmadden.com,Consultant
SCS Engineers Inc,www.scsengineers.com,"Engineering, Procurement & Construction (EPC)"
Scudder Solar Energy Systems,http://www.scuddersolar.com,Contractor/Installer
Sea Change,https://seachangetalent.com/,Service Provider
SEG Solar Inc.,https://www.segsolar.com/,Manufacturer/Supplier
SEM Power,www.sempower.com,"Engineering, Procurement & Construction (EPC)"
Seminole Financial Services,http://www.seminolefinancialservices.com,Financial Company
Senergy Technical Services (USA) LLC,https://www.sts-certified.com/,Consultant
SenseHawk,https://sensehawk.com/,Service Provider
"SenseHawk, Inc.",www.sensehawk.com,Service Provider
"Sentry Electrical Group, Inc",http://www.sentryelec.com,Contractor/Installer
SERVICE FINANCE COMPANY,www.svcfin.com,Financial Company
SFG Solar,www.sfgsolar.com,Service Provider
"Shanghai PYTES Energy Co., Ltd.",https://www.pytesgroup.com/,Manufacturer/Supplier
"Shenzhen ACE Battery Co., Ltd.",www.acebattery.com,Manufacturer/Supplier
"Shenzhen Growatt New Energy Co., LTD.",https://us.growatt.com/,Manufacturer/Supplier
Shine Development Partners,www.shine.partners,Contractor/Installer
Shoals Technologies Group,http://www.shoals.com,Manufacturer/Supplier
ShopSolar.com,https://shopsolarkits.com/,Distributor
SIBA FUSES LLC,http://Siballc.net,Manufacturer/Supplier
"Siemens Industry, Inc.",https://www.siemens.com/global/en.html,Manufacturer/Supplier
Sigma Corporation,www.sigmaco.com,Manufacturer/Supplier
Signal Energy Constructors,http://www.signal-energy.com,"Engineering, Procurement & Construction (EPC)"
SignaTech Solar,https://signatechsolar.com/,"Engineering, Procurement & Construction (EPC)"
Signature Solar LLC,www.signaturesolar.com,Manufacturer/Supplier
Silfab Solar,http://www.silfab.ca,Manufacturer/Supplier
Silicon Ranch Corporation,siliconranch.com,Project Developer
Simpleray,https://www.simpleray.com/,Contractor/Installer
"SimpleRay, LLC",http://www.simpleray.com,Contractor/Installer
Sinexcel Inc.,https://sinexcel.us/,Energy Storage
Sinotec USA,https://sinotecsolar.com/,Manufacturer/Supplier
Sinovoltaics Group Limited,www.sinovoltaics.com,Consultant
Sinton Instruments,http://www.sintoninstruments.com/,Manufacturer/Supplier
SiteCapture,https://www.mountainswave.com/,Service Provider
Sitetracker,www.sitetracker.com,Service Provider
SJF Ventures,www.sjfventures.com,Financial Company
Skilled Trades Partners,www.skilledtradespartners.com,Service Provider
Skyline Solar Installs LLC,www.skylinesolarpower.com,Contractor/Installer
"SMA America, LLC",http://www.SMA-America.com,Manufacturer/Supplier
Smart Electric Power Alliance (SEPA),www.sepapower.org,Not for Profit
SMART GUNES ENERJI TEKNOLOJILERI AR-GE A.S,smartsolar.com.tr,Manufacturer/Supplier
Smart Roof,https://smartroofinc.com/,Contractor/Installer
SmartFlower Solar LLC,http://www.smartflowersolar.com,Manufacturer/Supplier
SmartRoof Inc,https://smartroofinc.com/,Contractor/Installer
SnapNrack,http://snapnrack.com,Manufacturer/Supplier
Sofos Harbert Renewable Energy,http://www.sofosharbert.com/,"Engineering, Procurement & Construction (EPC)"
"Sol Source Power, LLC",www.solsourcepower.com,Project Developer
Sol Systems LLC,http://www.solsystems.com,Financial Company
Sol-Ark,www.Sol-Ark.com,Manufacturer/Supplier
"Sol-Up USA,  LLC",http://www.solup.com/,Contractor/Installer
"Solamerica Energy, LLC",http://www.solamericaenergy.com,Project Developer
"SolAmerica Energy, LLC",http://www.solamericaenergy.com/,Project Developer
Solar Design Studio,http://solardesignstudio.com,Consultant
Solar Direct LLC,www.solardirectinstall.com,Contractor/Installer
Solar Energy International,http://www.solarenergy.org,Not for Profit
Solar Energy Solutions,http://www.solar-energy-solutions.com,Contractor/Installer
"Solar Foundations USA, Inc.",http://www.solarfoundationsusa.com/index.php,Manufacturer/Supplier
Solar Gaines,Www.Solargaines.com,"Engineering, Procurement & Construction (EPC)"
Solar Illuminations,www.solarilluminations.com,Distributor
"Solar Impact, Inc.",http://www.solarimpact.com,Contractor/Installer
Solar Landscape,https://www.solarlandscape.com/,Contractor/Installer
Solar Liberty Energy Systems,http://www.solarliberty.com,Distributor
Solar Power Midwest,https://solarpowermidwest.com,Contractor/Installer
Solar Power of Oklahoma,https://solarpowerok.com/,Contractor/Installer
Solar Price Discovery Inc,http://www.solarpricediscovery.com/,Contractor/Installer
"Solar Renewable Energy, LLC",http://www.srenergyllc.com,Contractor/Installer
Solar Service Network,solarservicenetwork.com,Contractor/Installer
Solar Source,http://solarsource.net/products/education/solar-training/,Not for Profit
Solar States,www.solarstates.com,"Engineering, Procurement & Construction (EPC)"
Solar Strategies LLC,www.solarstrategies.net,"Engineering, Procurement & Construction (EPC)"
Solar Support,https://www.solar-support.com/,"Engineering, Procurement & Construction (EPC)"
"Solar Switching Systems, Inc",www.solarswitching.com,Manufacturer/Supplier
Solar Technical Consulting LLC,http://www.solartechconsulting.com/,Consultant
Solar Topps LLC,http://www.solartopps.com,Contractor/Installer
Solar United Neighbors,www.solarunitedneighbors.org,Not for Profit
Solar Vista Leasing Co.,solarvista.energy,Electrical Utility
"Solar Wave Energy, Inc.",http://www.solarwave.com,Contractor/Installer
Solar4America Technology Inc.,https://www.solar4america.com/,Energy Storage
"SolarCo Energy, Inc.",https://solarcoenergy.com/,"Engineering, Procurement & Construction (EPC)"
"Solarcycle, Inc.",https://www.solarcycle.us/,Energy Storage
SolarEdge Technologies Inc.,https://www.solaredge.com,Manufacturer/Supplier
SolaREIT,https://www.solareit.com/,Consultant
Solarever USA Inc,https://solareverusa.com/,Manufacturer/Supplier
Solargis Americas Inc.,www.solargis.com,Service Provider
"Solariant Capital, LLC",https://www.solariantcapital.com/,Contractor/Installer
Solaris Energy,solarisenergy.com,Contractor/Installer
SolarKal,http://www.solarkal.com,Project Developer
"SolarMax Technology, Inc.",solarmaxtech.com,Contractor/Installer
Solarpanelrecycling.com,solarpanelrecycling.com,Service Provider
SolarReviews,http://www.solarreviews.com,Communications/Marketing
solarXperts,www.solarxperts.net,Contractor/Installer
Solas Energy Consulting U.S. Inc.,www.solasenergyconsulting.com,Consultant
SOLCAP,www.key-state.com,Financial Company
"SOLENCAR USA, LLC",n/a,Manufacturer/Supplier
Solgenix LLC,http://www.solgenix.net,Financial Company
SOLogistics,http://sologistics.us,Service Provider
SolRiver Capital,https://solrivercapital.com/,Financial Company
Soltage LLC,http://www.soltage.com,Project Developer
Soltec America LLC,https://soltec.com/,Manufacturer/Supplier
SolUnesco,www.solunesco.com,Project Developer
SOLV Energy,www.solvenergy.com,"Engineering, Procurement & Construction (EPC)"
Sonali Energees US LLC.,http://sonalisolar.com,Manufacturer/Supplier
Sonepar,https://www.soneparusa.com/us-en/,Distributor
Southern Coker Power,http://socopower.com/,Contractor/Installer
Southwire Company,https://www.southwire.com/,Manufacturer/Supplier
Spark Power Corp,https://sparkpowercorp.com/,Service Provider
Spearmint Management Services,https://spearmintenergy.com/,Energy Storage
"Spec Personnel, LLC",speconthejob.com,Contractor/Installer
Spitzer Lighting,[email protected],Manufacturer/Supplier
Spreck Energy Inc.,https://spreckenergy.com/,"Engineering, Procurement & Construction (EPC)"
Spriggs Excavation Inc,https://www.spriggsexcavation.com/,Contractor/Installer
Squire Patton Boggs,http://www.squirepattonboggs.com/about/overview,Legal Services
SRC Digital Insurance Services,https://src-digital-insurance-services.com/,Financial Company
Standard Solar,http://www.standardsolar.com,Contractor/Installer
Star Solar,https://starsolar.com/,Manufacturer/Supplier
Staten Solar Corp,https://statensolar.com/,Manufacturer/Supplier
Station A,https://stationa.com/,Service Provider
"Stäubli Electrical Connectors, Inc.",http://ec.staubli.com/,Manufacturer/Supplier
"Steel Dynamics Southwest, LLC",www.steeldynamics.com,Manufacturer/Supplier
"Stellaris, LLC",,Project Developer
Stem,https://www.stem.com/,Service Provider
Steptoe & Johnson PLLC,www.steptoe-johnson.com,Legal Services
Steptoe and Johnson PLLC,www.steptoe-johnson.com,Legal Services
Steptoe LLP,https://www.steptoe.com/en/,Legal Services
Stevens & Lee,stevenslee.com,Legal Services
Stewart Title Guaranty,stewart.com,Service Provider
"STI, LLC",www.stinspection.com,Service Provider
Stoel Rives LLP,http://www.stoel.com,Legal Services
Stonebridge Securities LLC,www.stonebridgesecurities.com,Financial Company
Stonegate Group,https://www.stonegatellc.com/,Project Developer
StraightUp Solar,http://straightupsolar.com,Contractor/Installer
"Strata Solar, LLC",http://www.stratasolar.com,Project Developer
Streetleaf,www.streetleaf.com,Manufacturer/Supplier
Stroock & Stroock & Lavan LLP,www.stroock.com,Legal Services
Summit Energy Group,http://www.summitenergygroup.com,Contractor/Installer
"Summit Ridge Energy, LLC",http://www.srenergy.com,Project Developer
Sun Collectors,www.SunCollectors.solar,Contractor/Installer
"Sun Solar, LLC",www.ussunsolar.com,Corporate Solar User
"Sun Solar, LLC",http://ussunsolar.com/,Contractor/Installer
Sun Tribe,https://suntribesolar.com/,"Engineering, Procurement & Construction (EPC)"
Sun Wind Solutions,http://sun-windsolutions.com/,Contractor/Installer
"Sun-Wind Solutions, LLC",http://www.sun-windsolutions.com,Contractor/Installer
Sunbelt Solomon,https://sunbeltsolomon.com/,Manufacturer/Supplier
SunCode LLC,https://www.suncodesolar.com/,Project Developer
SunDrum Solar,sundrumsolar.com,Manufacturer/Supplier
"SunEarth, Inc.",http://sunearthinc.com,Manufacturer/Supplier
Sunfolding,http://www.sunfolding.com/,Manufacturer/Supplier
"Sungage Financial, Inc.",http://www.sungage.net,Financial Company
Sungenix Energy Solutions,sungenix.com,"Engineering, Procurement & Construction (EPC)"
Sungrow USA Corporation,www.sungrow-na.com,Manufacturer/Supplier
Sunhub,sunhub.com,Distributor
SunModo Corporation,http://sunmodo.com,Manufacturer/Supplier
Sunnova Energy Corporation,sunnova.com,Contractor/Installer
SunPower Corporation,http://us.sunpower.com/,Manufacturer/Supplier
SunRay Power LLC,www.sunraypowerllc.com,Project Developer
Sunrise Power Solutions,WWW.SUNRISEPOWERSOLUTIONS.COM,Contractor/Installer
"Sunrise Solar, Inc.",www.sunrisesolarmd.com,Contractor/Installer
Sunrise805,www.sunrise805.com,Project Developer
Sunrun,http://sunrun.com,Contractor/Installer
Sunstone Credit,https://www.sunstonecredit.com/,None
"SunStore Energy, LLC",www.sunstoreenergy.com,Energy Storage
"SUNSYTE, INC",https://sunsyte.com,Service Provider
"SunVest Solar, Inc.",http://sunvest.com,Contractor/Installer
Sunwave Energy LLC,https://www.sunwaveenergyusa.com,Contractor/Installer
SUNworks Inc.,https://sunworksusa.com/,Contractor/Installer
Sustainable Solar Consulting,Sustainablesolarconsulting.com,Consultant
"Suzhou Talesun Solar Technologies Co., Ltd.",www.talesun.com/en,Manufacturer/Supplier
SWCA Environmental Consultants,http://www.swca.com/,Consultant
SWEB Development,https://sweb.energy,Project Developer
"SynerGen Solar, LLC",www.SynerGenSolar.com,Project Developer
Synovus Bank,www.synovus.com,Financial Company
Tandem PV,https://www.tandempv.com/,Architectural/Engineering
"TEC, The Erosion Company",TECompanies.com,Service Provider
Technicians for Sustainability INC,http://tfssolar.com,Contractor/Installer
Tectonic,tectonicengineering.com,Architectural/Engineering
TED Renewables,https://www.tedrenewables.com/,Project Developer
TELYON,https://www.telyon.com/,Project Developer
Tenaska,http://www.tenaska.com,Project Developer
Terra Development LLC,www.terradevelopmentllc.com,Financial Company
Terracon,http://www.terracon.com/,Consultant
"Terracon Consultants, Inc.",terracon.com,Architectural/Engineering
TerraGen Solar,http://www.terragensolar.ca,"Engineering, Procurement & Construction (EPC)"
Terrasmart,http://www.terrasmart.com,Manufacturer/Supplier
"TerraSol Energies, Inc.",http://www.terrasolenergies.com,Contractor/Installer
Tesla,https://www.tesla.com/energy,Contractor/Installer
Tetra Tech,tetratech.com,Consultant
Texas Solar Outfitters LLC,http://texassolaroutfitters.com,Contractor/Installer
TGS,https://www.tgs.com/,None
The Clary Group LLC,www.clarygroupllc.com,Contractor/Installer
The Megawatt Group,https://megawattgroup.com/,Manufacturer/Supplier
The Native Land Company LLC,https://nativelandcompany.com/,Contractor/Installer
The PowerStore Inc.,http://thepowerstore.com,Distributor
"The Sleeper Group, LLC",https://sleepergroup.com/,Consultant
The Valcourt Group,https://valcourt.group/,None
The Wesson Group,www.twg.us.com,"Engineering, Procurement & Construction (EPC)"
"The Wishcamper Companies, Inc.",http://www.wishcamper.com/,Project Developer
Tigo Energy,https://www.tigoenergy.com/,Manufacturer/Supplier
TM Montante Solar,http://www.tmmontante.com,Contractor/Installer
TMEIC,https://www.tmeic.com/,Manufacturer/Supplier
TMI Energy Solutions,www.tmiss.net,Contractor/Installer
Tokyo Gas America Ltd.,https://www.tgamerica.com/,Project Developer
Torch Clean Energy,http://www.torchcleanenergy.com/,Project Developer
"TotalEnergies Renewables USA, LLC",http://www.total.com,Project Developer
TrackerSled,trackersled.com,Manufacturer/Supplier
Trader Energy Management LLC,http://www.traderenergy.com,"Engineering, Procurement & Construction (EPC)"
"Treaty Oak Clean Energy, LLC",www.treatyoakcleanenergy.com,Project Developer
Tri-City Electric Co. of Iowa,www.tricityelectric.com,Contractor/Installer
Trina Solar,https://www.trinasolar.com/us,Manufacturer/Supplier
Trinary Capital LLC,https://www.trinarycapital.com/,Financial Company
Trinity Solar,http://www.trinity-solar.com,Contractor/Installer
"TriSMART Solar, LLC",trismartsolar.com,"Engineering, Procurement & Construction (EPC)"
TurningPoint Energy,http://turningpoint-energy.com/,Project Developer
TUV Rheinland Group,https://www.tuv.com/usa/en/,Manufacturer/Supplier
U.S. Bancorp,http://www.usbank.com/commercial-business/tax-credit-financing/index.html,Financial Company
UES,https://teamues.com/,Architectural/Engineering
UL LLC,http://ul.com/solar,Consultant
UL Solutions,http://ul.com/solar,Manufacturer/Supplier
"Ulteig Engineers, Inc.",http://www.ulteig.com,Consultant
"Unicorn Solar, Inc",https://www.unicorn-sd.com/,Manufacturer/Supplier
"Unimacts Global, LLC",https://www.unimacts.com/,Manufacturer/Supplier
"Unirac, Inc.",http://www.unirac.com,Manufacturer/Supplier
United Brotherhood of Carpenters,www.carpenters.org,None
United Home Solutions,UnitedHSG.com,Contractor/Installer
"United Renewable Energy, LLC",http://www.u-renew.com,"Engineering, Procurement & Construction (EPC)"
United States Steel,USSteel.com,Manufacturer/Supplier
"Universal Renewables, LLC",www.universalrenewables.com,"Engineering, Procurement & Construction (EPC)"
Unlimit Energy Inc.,http://www.unlimitenergy.com/,Manufacturer/Supplier
Urban Grid,http://urbangridco.com,Project Developer
URETEK USA,https://uretekusa.com/,Service Provider
US Floating Solar,www.usfloatingsolar.com,Consultant
US Solar,www.us-solar.com,Project Developer
US Solar Fund,http://www.newenergysolar.com.au,Financial Company
V3 Electric,https://www.v3electric.com/,Contractor/Installer
VA Department of Energy,www.energy.virginia.gov,Government
Vale Sollar,www.valesollar.com,Project Developer
Valley Interior Systems,valleyinteriorsystems.com,Contractor/Installer
Valley Solar LLC,www.valleysolar.solar,Contractor/Installer
Valmont Solar,www.valmontsolar.com,Manufacturer/Supplier
Valor Equity Partners,www.valorep.com,Financial Company
Valta Energy,https://www.valtaenergy.com/,Project Developer
"Vanguard Energy Partners, LLC",http://www.vanguardenergypartners.com/,Project Developer
Vanguard Solar Services LLC,www.vanguardsolarservices.com,Contractor/Installer
Varney Agency,www.varneyagency.com,Service Provider
Vegetation Management - Ground Tech Management LLC,https://www.groundtechmanagement.com/,Service Provider
Velo Solar,http://www.velosolar.com,"Engineering, Procurement & Construction (EPC)"
Verde Solutions LLC,http://verdesolutions.com/,Consultant
"VerdeWatts, LLC",https://www.verdewatts.com/,Project Developer
Veregy,https://veregy.com/,Architectural/Engineering
Vermeer Corporation,http://www.vermeer.com,Manufacturer/Supplier
Vertech,https://www.vertech.com/,Architectural/Engineering
Vesper Energy,www.vesperenergy.com,"Engineering, Procurement & Construction (EPC)"
Victoria Park Capital LLC,www.VictoriaParkManagement.com,Financial Company
"Vikram Solar US, Inc",http://www.vikramsolar.com,Manufacturer/Supplier
Vinson & Elkins,www.velaw.com,Legal Services
Viridi LLC,https://viridi.eco/,Consultant
Vishakha Renewable Private Limted,https://www.vishakhapolyfab.com/,Manufacturer/Supplier
Vistra Corp,www.vistracorp.com,Project Developer
Volt Energy Utility,volt-energy.com,Project Developer
Voltage LLC,https://www.voltage-llc.com/,Manufacturer/Supplier
Von Ardenne North America,https://vonardenne.us/,Manufacturer/Supplier
VoteSolar,votesolar.org,Not for Profit
VSUN Solar USA Inc,www.vsun-solar.com,Manufacturer/Supplier
Vybe Energy LLC,vybeenergy.com,Consultant
Wacker Polysilicon North America LLC,https://www.wacker.com/cms/en/wacker_group/divisions/polysilicon/polysilicon.jsp,Manufacturer/Supplier
Walden Renewables Development LLC,www.waldenrenewables.com,Project Developer
Washington Solar Energy Industries Association (WASEIA),https://waseia.org/,Not for Profit
Wattmonk Renewable Technologies Inc,https://www.wattmonk.com/,Service Provider
WATTMORE (formerly Nikola Power),https://www.wattmore.com/,Project Developer
"We Recycle Solar, Inc.",http://werecyclesolar.com/,Service Provider
WeatherGuidance LLC,www.weatherguidance.com,Service Provider
Webber,wwebber.com,"Engineering, Procurement & Construction (EPC)"
"Weidmüller, Inc.",weidmueller.com,Manufacturer/Supplier
Wells Fargo,http://www.wellsfargo.com,Financial Company
"WESCO Distribution, Inc. HQ",www.wesco.com,Distributor
Western Land Services,http://www.westernls.com/,Research
Westwood Professional Services,http://westwoodps.com,Architectural/Engineering
"Wheelhouse Land and Field Services, LLC",http://www.wheelhouselfs.com/index.html,Service Provider
"White Construction, Inc.",http://whiteconstruction.com/,"Engineering, Procurement & Construction (EPC)"
White Pine Renewables,https://whitepinerenewables.com/,Project Developer
"William B. Rever, III - Consultant",[email protected],Consultant
Williams Mullen,[email protected],Legal Services
Willkie Farr & Gallagher LLP,https://www.willkie.com/,Legal Services
Wilson Sonsini Goodrich & Rosati,http://www.wsgr.com,Legal Services
"Wind and Solar, LLC",http://www.pawindandsolar.com/,Contractor/Installer
WIND TURBINE AND ENERGY CABLES CORP.,www.wtecenergy.com,Manufacturer/Supplier
"Woodfield Renewable Partners, LLC",https://www.woodfieldrenewable.com/,Financial Company
WORD Rock Drills,wordrockdrills.com,Service Provider
World Power Solutions LLC,worldpower.solutions,Project Developer
World4Solar Inc.,https://world4solar.com/,Manufacturer/Supplier
WPD USA Inc,www.wpd-usa.com,Project Developer
WSB,www.wsbeng.com,Architectural/Engineering
WTWH Media,http://www.solarpowerworldonline.com,Communications/Marketing
"Wuxi Suntech Power Co., Ltd.",http://www.suntech-power.com/,Manufacturer/Supplier
X-Elio North America Inc.,http://www.x-elio.com/,Project Developer
XAAG Solutions,xaagsolutions.com,"Engineering, Procurement & Construction (EPC)"
YAK Access,www.yakaccess.com,Contractor/Installer
Yaskawa - Solectria Solar,http://www.solectria.com,Manufacturer/Supplier
Ygrene Energy Fund,www.ygrene.com,Financial Company
"Yingli Energy Co., Ltd.",http://www.yinglisolar.com,Manufacturer/Supplier
Your SolarMate,yoursolarmate.com,Service Provider
Zekelman Industries,www.zekelman.com,Manufacturer/Supplier
Ørsted Wind Power North America LLC,us.orsted.com,Project Developer
